<?xml version="1.0" encoding="UTF-8"?><?xml-stylesheet type='text/xsl' href='_UpgradeReport_Files/UpgradeReport.xslt'?><UpgradeLog>
<Properties><Property Name="Solution" Value="USBHIDIO">
</Property><Property Name="Solution File" Value="S:\F_drive\_Taylogic\C# 2005 projects\HID class from LVR\usbhidio.cs\USBHIDIO.sln">
</Property><Property Name="User Options File" Value="S:\F_drive\_Taylogic\C# 2005 projects\HID class from LVR\usbhidio.cs\USBHIDIO.suo">
</Property><Property Name="Date" Value="06 February 2007">
</Property><Property Name="Time" Value="15:06">
</Property></Properties><Event ErrorLevel="0" Project="" Source="USBHIDIO.sln" Description="File successfully backed up as S:\F_drive\_Taylogic\C# 2005 projects\HID class from LVR\usbhidio.cs\Backup\USBHIDIO.sln">
</Event><Event ErrorLevel="0" Project="" Source="USBHIDIO.suo" Description="File successfully backed up as S:\F_drive\_Taylogic\C# 2005 projects\HID class from LVR\usbhidio.cs\Backup\USBHIDIO.suo">
</Event><Event ErrorLevel="0" Project="USBHIDIO" Source="USBHIDIO.csproj" Description="Project file successfully backed up as S:\F_drive\_Taylogic\C# 2005 projects\HID class from LVR\usbhidio.cs\Backup\USBHIDIO.csproj">
</Event><Event ErrorLevel="0" Project="USBHIDIO" Source="USBHIDIO.csproj.user" Description="Project user file successfully backed up as S:\F_drive\_Taylogic\C# 2005 projects\HID class from LVR\usbhidio.cs\Backup\USBHIDIO.csproj.user">
</Event><Event ErrorLevel="0" Project="USBHIDIO" Source="AssemblyInfo.cs" Description="File successfully backed up as S:\F_drive\_Taylogic\C# 2005 projects\HID class from LVR\usbhidio.cs\Backup\AssemblyInfo.cs">
</Event><Event ErrorLevel="0" Project="USBHIDIO" Source="Debugging.cs" Description="File successfully backed up as S:\F_drive\_Taylogic\C# 2005 projects\HID class from LVR\usbhidio.cs\Backup\Debugging.cs">
</Event><Event ErrorLevel="0" Project="USBHIDIO" Source="DebuggingDeclarations.cs" Description="File successfully backed up as S:\F_drive\_Taylogic\C# 2005 projects\HID class from LVR\usbhidio.cs\Backup\DebuggingDeclarations.cs">
</Event><Event ErrorLevel="0" Project="USBHIDIO" Source="DeviceManagement.cs" Description="File successfully backed up as S:\F_drive\_Taylogic\C# 2005 projects\HID class from LVR\usbhidio.cs\Backup\DeviceManagement.cs">
</Event><Event ErrorLevel="0" Project="USBHIDIO" Source="DeviceManagementDeclarations.cs" Description="File successfully backed up as S:\F_drive\_Taylogic\C# 2005 projects\HID class from LVR\usbhidio.cs\Backup\DeviceManagementDeclarations.cs">
</Event><Event ErrorLevel="0" Project="USBHIDIO" Source="FileIODeclarations.cs" Description="File successfully backed up as S:\F_drive\_Taylogic\C# 2005 projects\HID class from LVR\usbhidio.cs\Backup\FileIODeclarations.cs">
</Event><Event ErrorLevel="0" Project="USBHIDIO" Source="frmMain.cs" Description="File successfully backed up as S:\F_drive\_Taylogic\C# 2005 projects\HID class from LVR\usbhidio.cs\Backup\frmMain.cs">
</Event><Event ErrorLevel="0" Project="USBHIDIO" Source="Hid.cs" Description="File successfully backed up as S:\F_drive\_Taylogic\C# 2005 projects\HID class from LVR\usbhidio.cs\Backup\Hid.cs">
</Event><Event ErrorLevel="0" Project="USBHIDIO" Source="HidDeclarations.cs" Description="File successfully backed up as S:\F_drive\_Taylogic\C# 2005 projects\HID class from LVR\usbhidio.cs\Backup\HidDeclarations.cs">
</Event><Event ErrorLevel="0" Project="USBHIDIO" Source="MainCode.cs" Description="File successfully backed up as S:\F_drive\_Taylogic\C# 2005 projects\HID class from LVR\usbhidio.cs\Backup\MainCode.cs">
</Event><Event ErrorLevel="0" Project="USBHIDIO" Source="frmMain.resX" Description="File successfully backed up as S:\F_drive\_Taylogic\C# 2005 projects\HID class from LVR\usbhidio.cs\Backup\frmMain.resX">
</Event><Event ErrorLevel="0" Project="USBHIDIO" Source="USBHIDIO.csproj" Description="Project converted successfully">
</Event><Event ErrorLevel="3" Project="USBHIDIO" Source="USBHIDIO.csproj" Description="Converted">
</Event><Event ErrorLevel="0" Project="" Source="USBHIDIO.sln" Description="Solution converted successfully">
</Event><Event ErrorLevel="3" Project="" Source="USBHIDIO.sln" Description="Converted">
</Event><Event ErrorLevel="0" Project="USBHIDIO" Source="USBHIDIO.csproj" Description="Scan complete: Upgrade not required for project files.">
</Event></UpgradeLog>