<?xml version="1.0"?>
<?xml-stylesheet type="text/xsl" href="CustomersStylesheet.xsl"?>

<NorthwindCustomers>
  <Customers>
    <CustomerID>ALFKI</CustomerID>
    <CompanyName>Alfreds Futterkiste</CompanyName>
    <PostalCode>12209</PostalCode>
    <Country>Germany</Country>
    <Phone>030-0074321</Phone>
  </Customers>
  <Customers>
    <CustomerID>ANATR</CustomerID>
    <CompanyName>Ana Trujillo Emparedados y helados</CompanyName>
    <PostalCode>05021</PostalCode>
    <Country>Mexico</Country>
    <Phone>(5) 555-4729</Phone>
  </Customers>
</NorthwindCustomers>